{"cameraMode":{"drawMode":0,"name":"Shaded","section":"Shading Mode"},"sceneLighting":false,"audioPlay":false,"sceneViewState":{"m_AlwaysRefresh":false,"showFog":true,"showSkybox":false,"showFlares":true,"showImageEffects":true,"showParticleSystems":true,"showVisualEffectGraphs":true,"m_FxEnabled":true},"in2DMode":false,"pivot":{"x":1.1428031921386719,"y":-0.13820910453796388,"z":0.459299772977829},"rotation":{"x":0.1546141654253006,"y":0.6516604423522949,"z":-0.13808228075504304,"w":0.7296539545059204},"size":1.2771074771881104,"orthographic":false}