{"cameraMode":{"drawMode":0,"name":"Shaded","section":"Shading Mode"},"sceneLighting":false,"audioPlay":false,"sceneViewState":{"m_AlwaysRefresh":false,"showFog":true,"showSkybox":false,"showFlares":true,"showImageEffects":true,"showParticleSystems":true,"showVisualEffectGraphs":true,"m_FxEnabled":true},"in2DMode":false,"pivot":{"x":-1.4073123931884766,"y":0.5026369094848633,"z":0.22985169291496278},"rotation":{"x":-0.18072524666786195,"y":-0.03038932755589485,"z":0.0055825961753726009,"w":-0.9830647706985474},"size":0.49460092186927798,"orthographic":false}