{"cameraMode":{"drawMode":0,"name":"Shaded","section":"Shading Mode"},"sceneLighting":false,"audioPlay":false,"sceneViewState":{"m_AlwaysRefresh":false,"showFog":true,"showSkybox":false,"showFlares":true,"showImageEffects":true,"showParticleSystems":true,"showVisualEffectGraphs":true,"m_FxEnabled":true},"in2DMode":false,"pivot":{"x":0.051100969314575198,"y":1.4350566864013672,"z":2.9977169036865236},"rotation":{"x":-0.2536052167415619,"y":0.05422677472233772,"z":-0.014262898825109005,"w":-0.9657273292541504},"size":13.042959213256836,"orthographic":false}