{"cameraMode":{"drawMode":0,"name":"Shaded","section":"Shading Mode"},"sceneLighting":false,"audioPlay":false,"sceneViewState":{"m_AlwaysRefresh":false,"showFog":true,"showSkybox":false,"showFlares":true,"showImageEffects":true,"showParticleSystems":true,"showVisualEffectGraphs":true,"m_FxEnabled":true},"in2DMode":false,"pivot":{"x":1.7881393432617188e-7,"y":0.925035834312439,"z":0.05089416354894638},"rotation":{"x":-0.0006646414985880256,"y":0.9938279390335083,"z":0.00596302654594183,"w":0.11077070981264115},"size":1.5589629411697388,"orthographic":true}